--
-- PostgreSQL database dump
--

\restrict B3QchSzi4eQz1tmbqeHOGGA5qUhxpqAKYT8Q0TznD0c7h0507tBePdvQ8iR99av

-- Dumped from database version 18.3
-- Dumped by pg_dump version 18.3

SET statement_timeout = 0;
SET lock_timeout = 0;
SET idle_in_transaction_session_timeout = 0;
SET transaction_timeout = 0;
SET client_encoding = 'UTF8';
SET standard_conforming_strings = on;
SELECT pg_catalog.set_config('search_path', '', false);
SET check_function_bodies = false;
SET xmloption = content;
SET client_min_messages = warning;
SET row_security = off;

SET default_tablespace = '';

SET default_table_access_method = heap;

--
-- Name: conversations; Type: TABLE; Schema: public; Owner: postgres
--

CREATE TABLE public.conversations (
    id bigint NOT NULL,
    created_at timestamp(6) with time zone NOT NULL,
    listing_id bigint NOT NULL,
    user1_id bigint NOT NULL,
    user2_id bigint NOT NULL
);


ALTER TABLE public.conversations OWNER TO postgres;

--
-- Name: conversations_id_seq; Type: SEQUENCE; Schema: public; Owner: postgres
--

ALTER TABLE public.conversations ALTER COLUMN id ADD GENERATED BY DEFAULT AS IDENTITY (
    SEQUENCE NAME public.conversations_id_seq
    START WITH 1
    INCREMENT BY 1
    NO MINVALUE
    NO MAXVALUE
    CACHE 1
);


--
-- Name: listing_images; Type: TABLE; Schema: public; Owner: postgres
--

CREATE TABLE public.listing_images (
    listing_id bigint NOT NULL,
    image_url character varying(500)
);


ALTER TABLE public.listing_images OWNER TO postgres;

--
-- Name: listings; Type: TABLE; Schema: public; Owner: postgres
--

CREATE TABLE public.listings (
    id bigint NOT NULL,
    category character varying(255),
    created_at timestamp(6) without time zone,
    description character varying(1000),
    price double precision NOT NULL,
    status character varying(255),
    title character varying(200),
    owner_id bigint,
    brand character varying(100),
    condition character varying(20),
    image_url character varying(500),
    location character varying(100),
    size character varying(20),
    CONSTRAINT listings_status_check CHECK (((status)::text = ANY ((ARRAY['ACTIVE'::character varying, 'INACTIVE'::character varying, 'SOLD'::character varying])::text[])))
);


ALTER TABLE public.listings OWNER TO postgres;

--
-- Name: listings_id_seq; Type: SEQUENCE; Schema: public; Owner: postgres
--

CREATE SEQUENCE public.listings_id_seq
    START WITH 1
    INCREMENT BY 1
    NO MINVALUE
    NO MAXVALUE
    CACHE 1;


ALTER SEQUENCE public.listings_id_seq OWNER TO postgres;

--
-- Name: listings_id_seq; Type: SEQUENCE OWNED BY; Schema: public; Owner: postgres
--

ALTER SEQUENCE public.listings_id_seq OWNED BY public.listings.id;


--
-- Name: message; Type: TABLE; Schema: public; Owner: postgres
--

CREATE TABLE public.message (
    id bigint NOT NULL,
    content character varying(255) NOT NULL,
    "timestamp" timestamp(6) without time zone NOT NULL,
    conversation_id bigint NOT NULL,
    sender_id bigint NOT NULL
);


ALTER TABLE public.message OWNER TO postgres;

--
-- Name: message_id_seq; Type: SEQUENCE; Schema: public; Owner: postgres
--

CREATE SEQUENCE public.message_id_seq
    START WITH 1
    INCREMENT BY 1
    NO MINVALUE
    NO MAXVALUE
    CACHE 1;


ALTER SEQUENCE public.message_id_seq OWNER TO postgres;

--
-- Name: message_id_seq; Type: SEQUENCE OWNED BY; Schema: public; Owner: postgres
--

ALTER SEQUENCE public.message_id_seq OWNED BY public.message.id;


--
-- Name: report; Type: TABLE; Schema: public; Owner: postgres
--

CREATE TABLE public.report (
    id bigint NOT NULL,
    created_at timestamp(6) without time zone,
    reason character varying(255),
    status character varying(255),
    target_id bigint,
    type character varying(255),
    reported_by bigint,
    CONSTRAINT report_status_check CHECK (((status)::text = ANY ((ARRAY['PENDING'::character varying, 'RESOLVED'::character varying, 'REJECTED'::character varying])::text[]))),
    CONSTRAINT report_type_check CHECK (((type)::text = ANY ((ARRAY['LISTING'::character varying, 'MESSAGE'::character varying, 'USER'::character varying, 'CONVERSATION'::character varying])::text[])))
);


ALTER TABLE public.report OWNER TO postgres;

--
-- Name: report_id_seq; Type: SEQUENCE; Schema: public; Owner: postgres
--

ALTER TABLE public.report ALTER COLUMN id ADD GENERATED BY DEFAULT AS IDENTITY (
    SEQUENCE NAME public.report_id_seq
    START WITH 1
    INCREMENT BY 1
    NO MINVALUE
    NO MAXVALUE
    CACHE 1
);


--
-- Name: reviews; Type: TABLE; Schema: public; Owner: postgres
--

CREATE TABLE public.reviews (
    id bigint NOT NULL,
    comment character varying(500) NOT NULL,
    created_at timestamp(6) without time zone,
    rating integer NOT NULL,
    reviewed_user_id bigint,
    reviewer_id bigint,
    CONSTRAINT reviews_rating_check CHECK (((rating >= 1) AND (rating <= 5)))
);


ALTER TABLE public.reviews OWNER TO postgres;

--
-- Name: reviews_id_seq; Type: SEQUENCE; Schema: public; Owner: postgres
--

ALTER TABLE public.reviews ALTER COLUMN id ADD GENERATED BY DEFAULT AS IDENTITY (
    SEQUENCE NAME public.reviews_id_seq
    START WITH 1
    INCREMENT BY 1
    NO MINVALUE
    NO MAXVALUE
    CACHE 1
);


--
-- Name: users; Type: TABLE; Schema: public; Owner: postgres
--

CREATE TABLE public.users (
    id bigint NOT NULL,
    city character varying(80),
    email character varying(180) NOT NULL,
    full_name character varying(120) NOT NULL,
    google_id character varying(200),
    image_url character varying(500),
    password character varying(255) NOT NULL,
    phone character varying(30),
    status character varying(20) NOT NULL,
    rating double precision,
    role character varying(20),
    CONSTRAINT users_role_check CHECK (((role)::text = ANY ((ARRAY['ADMIN'::character varying, 'USER'::character varying, 'MODERATOR'::character varying])::text[]))),
    CONSTRAINT users_status_check CHECK (((status)::text = ANY ((ARRAY['ACTIVE'::character varying, 'BANNED'::character varying])::text[])))
);


ALTER TABLE public.users OWNER TO postgres;

--
-- Name: users_id_seq; Type: SEQUENCE; Schema: public; Owner: postgres
--

ALTER TABLE public.users ALTER COLUMN id ADD GENERATED BY DEFAULT AS IDENTITY (
    SEQUENCE NAME public.users_id_seq
    START WITH 1
    INCREMENT BY 1
    NO MINVALUE
    NO MAXVALUE
    CACHE 1
);


--
-- Name: listings id; Type: DEFAULT; Schema: public; Owner: postgres
--

ALTER TABLE ONLY public.listings ALTER COLUMN id SET DEFAULT nextval('public.listings_id_seq'::regclass);


--
-- Name: message id; Type: DEFAULT; Schema: public; Owner: postgres
--

ALTER TABLE ONLY public.message ALTER COLUMN id SET DEFAULT nextval('public.message_id_seq'::regclass);


--
-- Data for Name: conversations; Type: TABLE DATA; Schema: public; Owner: postgres
--

COPY public.conversations (id, created_at, listing_id, user1_id, user2_id) FROM stdin;
8	2026-03-17 18:23:57.793031+00	1	2	7
9	2026-04-14 19:48:15.933423+01	3	12	13
10	2026-04-18 10:07:01.761032+01	4	11	13
\.


--
-- Data for Name: listing_images; Type: TABLE DATA; Schema: public; Owner: postgres
--

COPY public.listing_images (listing_id, image_url) FROM stdin;
4	/uploads/listings/8182a89b-5a7e-406a-b353-f47cd7c6f175.webp
\.


--
-- Data for Name: listings; Type: TABLE DATA; Schema: public; Owner: postgres
--

COPY public.listings (id, category, created_at, description, price, status, title, owner_id, brand, condition, image_url, location, size) FROM stdin;
1	Electronics	2026-03-07 03:12:39.182361	Very good condition	2000	ACTIVE	iPhone 13	\N	\N	\N	\N	\N	\N
2	Shoes	2026-04-14 19:40:01.824053	JDID NABRA	200	ACTIVE	NIKE FOOTWEAR	12	NIKE	New	https://www.global.jdsports.com/men/mens-footwear/brand/nike/	KORBA	44
3	Shoes	2026-04-14 19:45:55.730643	jdid nabra	160	INACTIVE	crampon	12	nike	Used	https://www.knvbshop.nl/media/catalog/product/cache/d81c8dc66c69ceb69419c2e7e72e896d/2/9/296589_nike-tiempo-legend-10-academy-ijzeren-nop-voetbalschoenen-sg-anti-clog-felrood-_5.jpg	korba	44
4	Shoes	2026-04-18 10:05:54.464166	jdid	200	INACTIVE	shoes	11	nike	New	/uploads/listings/8182a89b-5a7e-406a-b353-f47cd7c6f175.webp	korba	44
\.


--
-- Data for Name: message; Type: TABLE DATA; Schema: public; Owner: postgres
--

COPY public.message (id, content, "timestamp", conversation_id, sender_id) FROM stdin;
13	ahlaa	2026-04-14 19:49:08.074599	9	13
14	n7eb  nechri 	2026-04-14 19:49:15.427205	9	13
15	HELLO WORLD	2026-04-18 10:07:07.710007	10	13
16	HELLO YASSINE	2026-04-18 10:07:24.738561	10	11
\.


--
-- Data for Name: report; Type: TABLE DATA; Schema: public; Owner: postgres
--

COPY public.report (id, created_at, reason, status, target_id, type, reported_by) FROM stdin;
1	2026-03-19 19:32:41.599154	Fraudulent listing	RESOLVED	1	LISTING	\N
13	2026-03-22 02:52:17.390326	Fraudulent listing	PENDING	99	USER	8
2	2026-03-19 21:24:26.432547	Fraudulent listing	RESOLVED	1	LISTING	\N
14	2026-03-22 19:40:26.279538	Fraudulent listing	RESOLVED	99	USER	8
3	2026-03-19 21:29:19.536702	Fraudulent listing	RESOLVED	1	LISTING	\N
4	2026-03-20 15:15:37.188469	Fraudulent listing	RESOLVED	1	LISTING	\N
15	2026-04-14 19:50:07.826195	ghachech	RESOLVED	3	LISTING	13
16	2026-04-18 10:07:38.925995	YSEB FIYA	RESOLVED	10	CONVERSATION	11
\.


--
-- Data for Name: reviews; Type: TABLE DATA; Schema: public; Owner: postgres
--

COPY public.reviews (id, comment, created_at, rating, reviewed_user_id, reviewer_id) FROM stdin;
\.


--
-- Data for Name: users; Type: TABLE DATA; Schema: public; Owner: postgres
--

COPY public.users (id, city, email, full_name, google_id, image_url, password, phone, status, rating, role) FROM stdin;
2	\N	user2@mail.com	User2	\N	\N	123	\N	ACTIVE	\N	\N
4	\N	mehdi@gmail.com	mehdi	\N	\N	$2a$10$oiR.kZqXcqDb/93UqK4b3.LbFirqNRV04rv8mhapOsTBtwV33lPtG	\N	ACTIVE	\N	\N
5	\N	mehdi1@gmail.com	mehdi	\N	\N	$2a$10$NIQgmoYYD0ownMxzfudo3unjeRyDABIQrCXvEXiOLPGNAYBI2vjsm	\N	ACTIVE	\N	\N
6	\N	mehdiII1@gmail.com	mehdiYEDES	\N	\N	$2a$10$xkYbo5erUfZP9LmCR8HGE.OjRaMnjAAxDVNn3OkdyN275zhExnD8W	\N	ACTIVE	\N	\N
7	\N	mehdiyedes16@gmail.com	mehdiyedes	\N	\N	$2a$10$QoqooNVK.rK/hUJwCMcDlesCFNzdo9K3dbo8z59/UMjbDfGUZR2VC	\N	ACTIVE	\N	\N
8	\N	ahmed16@gmail.com	ahmed senkouri	\N	\N	$2a$10$rm8.h.iwJcOW09WV7UvHnu0X57JPwyDSMz6S2f4bt1fXHajisSO7C	\N	ACTIVE	\N	\N
10	\N	mehdiyedes8@gmail.com	mehdi	\N	\N	$2a$10$xj.kyQ3BYzUCqVyipRfDLuSk.qNXNjdr4/dEkhuExquXsLFBiI7dK	\N	ACTIVE	0	USER
11	\N	mehdiyedes@gmail.com	mehdi	\N	\N	$2a$10$fYzZGi9rNDtS.WtmgKZBh.0MNv.LT6GAjUkkzdEqdw.HWOZ13NALG	\N	ACTIVE	0	ADMIN
12	\N	mehdi2@gmail.com	mehdi	\N	\N	$2a$10$j3LLw8lNXlaT4HbUfbDZHeSPRqIGdevo4YTxGiyZ8sMrJwZMEfnfa	\N	ACTIVE	0	USER
13	\N	yassine@gmail.com	YASSINE	\N	\N	$2a$10$jDLB4zFDO8gikLLyShwu5uEGGUh.fHX5eohbMekbHjw0X8BUVtMMe	\N	BANNED	0	USER
\.


--
-- Name: conversations_id_seq; Type: SEQUENCE SET; Schema: public; Owner: postgres
--

SELECT pg_catalog.setval('public.conversations_id_seq', 10, true);


--
-- Name: listings_id_seq; Type: SEQUENCE SET; Schema: public; Owner: postgres
--

SELECT pg_catalog.setval('public.listings_id_seq', 4, true);


--
-- Name: message_id_seq; Type: SEQUENCE SET; Schema: public; Owner: postgres
--

SELECT pg_catalog.setval('public.message_id_seq', 16, true);


--
-- Name: report_id_seq; Type: SEQUENCE SET; Schema: public; Owner: postgres
--

SELECT pg_catalog.setval('public.report_id_seq', 17, true);


--
-- Name: reviews_id_seq; Type: SEQUENCE SET; Schema: public; Owner: postgres
--

SELECT pg_catalog.setval('public.reviews_id_seq', 1, false);


--
-- Name: users_id_seq; Type: SEQUENCE SET; Schema: public; Owner: postgres
--

SELECT pg_catalog.setval('public.users_id_seq', 13, true);


--
-- Name: conversations conversations_pkey; Type: CONSTRAINT; Schema: public; Owner: postgres
--

ALTER TABLE ONLY public.conversations
    ADD CONSTRAINT conversations_pkey PRIMARY KEY (id);


--
-- Name: listings listings_pkey; Type: CONSTRAINT; Schema: public; Owner: postgres
--

ALTER TABLE ONLY public.listings
    ADD CONSTRAINT listings_pkey PRIMARY KEY (id);


--
-- Name: message message_pkey; Type: CONSTRAINT; Schema: public; Owner: postgres
--

ALTER TABLE ONLY public.message
    ADD CONSTRAINT message_pkey PRIMARY KEY (id);


--
-- Name: report report_pkey; Type: CONSTRAINT; Schema: public; Owner: postgres
--

ALTER TABLE ONLY public.report
    ADD CONSTRAINT report_pkey PRIMARY KEY (id);


--
-- Name: reviews reviews_pkey; Type: CONSTRAINT; Schema: public; Owner: postgres
--

ALTER TABLE ONLY public.reviews
    ADD CONSTRAINT reviews_pkey PRIMARY KEY (id);


--
-- Name: conversations uk7mqup3uoe14lsxp9gn70efeoc; Type: CONSTRAINT; Schema: public; Owner: postgres
--

ALTER TABLE ONLY public.conversations
    ADD CONSTRAINT uk7mqup3uoe14lsxp9gn70efeoc UNIQUE (listing_id, user1_id, user2_id);


--
-- Name: users uk_users_email; Type: CONSTRAINT; Schema: public; Owner: postgres
--

ALTER TABLE ONLY public.users
    ADD CONSTRAINT uk_users_email UNIQUE (email);


--
-- Name: users users_pkey; Type: CONSTRAINT; Schema: public; Owner: postgres
--

ALTER TABLE ONLY public.users
    ADD CONSTRAINT users_pkey PRIMARY KEY (id);


--
-- Name: reviews fk6m1kr6qopmdr9icvailpjx8xf; Type: FK CONSTRAINT; Schema: public; Owner: postgres
--

ALTER TABLE ONLY public.reviews
    ADD CONSTRAINT fk6m1kr6qopmdr9icvailpjx8xf FOREIGN KEY (reviewed_user_id) REFERENCES public.users(id);


--
-- Name: conversations fk8wv0rmd8jb3cqcbyng15ubrmk; Type: FK CONSTRAINT; Schema: public; Owner: postgres
--

ALTER TABLE ONLY public.conversations
    ADD CONSTRAINT fk8wv0rmd8jb3cqcbyng15ubrmk FOREIGN KEY (user1_id) REFERENCES public.users(id);


--
-- Name: listings fkawdvt0xd3lqlqyku8qw6m5kou; Type: FK CONSTRAINT; Schema: public; Owner: postgres
--

ALTER TABLE ONLY public.listings
    ADD CONSTRAINT fkawdvt0xd3lqlqyku8qw6m5kou FOREIGN KEY (owner_id) REFERENCES public.users(id);


--
-- Name: message fkbi5avhe69aol2mb1lnm6r4o2p; Type: FK CONSTRAINT; Schema: public; Owner: postgres
--

ALTER TABLE ONLY public.message
    ADD CONSTRAINT fkbi5avhe69aol2mb1lnm6r4o2p FOREIGN KEY (sender_id) REFERENCES public.users(id);


--
-- Name: reviews fkd1isgfajhtdl8mgg29up6mofi; Type: FK CONSTRAINT; Schema: public; Owner: postgres
--

ALTER TABLE ONLY public.reviews
    ADD CONSTRAINT fkd1isgfajhtdl8mgg29up6mofi FOREIGN KEY (reviewer_id) REFERENCES public.users(id);


--
-- Name: conversations fke7w0k1xem21pp85wxh5moodnk; Type: FK CONSTRAINT; Schema: public; Owner: postgres
--

ALTER TABLE ONLY public.conversations
    ADD CONSTRAINT fke7w0k1xem21pp85wxh5moodnk FOREIGN KEY (user2_id) REFERENCES public.users(id);


--
-- Name: message fkgn1by50g9ur1g9veuroqmugin; Type: FK CONSTRAINT; Schema: public; Owner: postgres
--

ALTER TABLE ONLY public.message
    ADD CONSTRAINT fkgn1by50g9ur1g9veuroqmugin FOREIGN KEY (conversation_id) REFERENCES public.conversations(id);


--
-- Name: listing_images fkq8bkplrutxrfur5u7pppml04y; Type: FK CONSTRAINT; Schema: public; Owner: postgres
--

ALTER TABLE ONLY public.listing_images
    ADD CONSTRAINT fkq8bkplrutxrfur5u7pppml04y FOREIGN KEY (listing_id) REFERENCES public.listings(id);


--
-- Name: report fkrbqxoo1xq8rpo3vq1jhce8h5q; Type: FK CONSTRAINT; Schema: public; Owner: postgres
--

ALTER TABLE ONLY public.report
    ADD CONSTRAINT fkrbqxoo1xq8rpo3vq1jhce8h5q FOREIGN KEY (reported_by) REFERENCES public.users(id);


--
-- PostgreSQL database dump complete
--

\unrestrict B3QchSzi4eQz1tmbqeHOGGA5qUhxpqAKYT8Q0TznD0c7h0507tBePdvQ8iR99av

